id,name,model_id:id,group_id:id,perm_read,perm_write,perm_create,perm_unlink

access_mindbody_pagination_response_user,mindbody.pagination.response.user,model_mindbody_pagination_response,base.group_user,1,0,0,0
access_mindbody_pagination_response_manager,mindbody.pagination.response.manager,model_mindbody_pagination_response,mindbody_integration.group_mindbody_manager,1,1,1,0
access_mindbody_pagination_response_admin,mindbody.pagination.response.admin,model_mindbody_pagination_response,mindbody_integration.group_mindbody_admin,1,1,1,1

access_mindbody_error_info_user,mindbody.error.info.user,model_mindbody_error_info,base.group_user,1,0,0,0
access_mindbody_error_info_manager,mindbody.error.info.manager,model_mindbody_error_info,mindbody_integration.group_mindbody_manager,1,1,1,0
access_mindbody_error_info_admin,mindbody.error.info.admin,model_mindbody_error_info,mindbody_integration.group_mindbody_admin,1,1,1,1


access_mindbody_accepted_card_type_user,mindbody.accepted.card.type.user,model_mindbody_accepted_card_type,base.group_user,1,0,0,0
access_mindbody_accepted_card_type_manager,mindbody.accepted.card.type.manager,model_mindbody_accepted_card_type,mindbody_integration.group_mindbody_manager,1,1,1,0
access_mindbody_accepted_card_type_admin,mindbody.accepted.card.type.admin,model_mindbody_accepted_card_type,mindbody_integration.group_mindbody_admin,1,1,1,1

access_mindbody_payment_method_user,mindbody.payment.method.user,model_mindbody_payment_method,base.group_user,1,0,0,0
access_mindbody_payment_method_manager,mindbody.payment.method.manager,model_mindbody_payment_method,mindbody_integration.group_mindbody_manager,1,1,1,0
access_mindbody_payment_method_admin,mindbody.payment.method.admin,model_mindbody_payment_method,mindbody_integration.group_mindbody_admin,1,1,1,1

access_mindbody_contract_user,mindbody.contract.user,model_mindbody_contract,base.group_user,1,0,0,0
access_mindbody_contract_manager,mindbody.contract.manager,model_mindbody_contract,mindbody_integration.group_mindbody_manager,1,1,1,0
access_mindbody_contract_admin,mindbody.contract.admin,model_mindbody_contract,mindbody_integration.group_mindbody_admin,1,1,1,1

access_mindbody_contract_item_user,mindbody.contract.item.user,model_mindbody_contract_item,base.group_user,1,0,0,0
access_mindbody_contract_item_manager,mindbody.contract.item.manager,model_mindbody_contract_item,mindbody_integration.group_mindbody_manager,1,1,1,0
access_mindbody_contract_item_admin,mindbody.contract.item.admin,model_mindbody_contract_item,mindbody_integration.group_mindbody_admin,1,1,1,1

access_mindbody_autopay_schedule_user,mindbody.autopay.schedule.user,model_mindbody_autopay_schedule,base.group_user,1,0,0,0
access_mindbody_autopay_schedule_manager,mindbody.autopay.schedule.manager,model_mindbody_autopay_schedule,mindbody_integration.group_mindbody_manager,1,1,1,0
access_mindbody_autopay_schedule_admin,mindbody.autopay.schedule.admin,model_mindbody_autopay_schedule,mindbody_integration.group_mindbody_admin,1,1,1,1

access_mindbody_membership_restriction_user,mindbody.membership.restriction.user,model_mindbody_membership_restriction,base.group_user,1,0,0,0
access_mindbody_membership_restriction_manager,mindbody.membership.restriction.manager,model_mindbody_membership_restriction,mindbody_integration.group_mindbody_manager,1,1,1,0
access_mindbody_membership_restriction_admin,mindbody.membership.restriction.admin,model_mindbody_membership_restriction,mindbody_integration.group_mindbody_admin,1,1,1,1

access_mindbody_gift_card_user,mindbody.gift.card.user,model_mindbody_gift_card,base.group_user,1,0,0,0
access_mindbody_gift_card_manager,mindbody.gift.card.manager,model_mindbody_gift_card,mindbody_integration.group_mindbody_manager,1,1,1,0
access_mindbody_gift_card_admin,mindbody.gift.card.admin,model_mindbody_gift_card,mindbody_integration.group_mindbody_admin,1,1,1,1

access_mindbody_gift_card_layout_user,mindbody.gift.card.layout.user,model_mindbody_gift_card_layout,base.group_user,1,0,0,0
access_mindbody_gift_card_layout_manager,mindbody.gift.card.layout.manager,model_mindbody_gift_card_layout,mindbody_integration.group_mindbody_manager,1,1,1,0
access_mindbody_gift_card_layout_admin,mindbody.gift.card.layout.admin,model_mindbody_gift_card_layout,mindbody_integration.group_mindbody_admin,1,1,1,1

access_mindbody_package_user,mindbody.package.user,model_mindbody_package,base.group_user,1,0,0,0
access_mindbody_package_manager,mindbody.package.manager,model_mindbody_package,mindbody_integration.group_mindbody_manager,1,1,1,0
access_mindbody_package_admin,mindbody.package.admin,model_mindbody_package,mindbody_integration.group_mindbody_admin,1,1,1,1

access_mindbody_package_service_user,mindbody.package.service.user,model_mindbody_package_service,base.group_user,1,0,0,0
access_mindbody_package_service_manager,mindbody.package.service.manager,model_mindbody_package_service,mindbody_integration.group_mindbody_manager,1,1,1,0
access_mindbody_package_service_admin,mindbody.package.service.admin,model_mindbody_package_service,mindbody_integration.group_mindbody_admin,1,1,1,1

access_mindbody_package_product_user,mindbody.package.product.user,model_mindbody_package_product,base.group_user,1,0,0,0
access_mindbody_package_product_manager,mindbody.package.product.manager,model_mindbody_package_product,mindbody_integration.group_mindbody_manager,1,1,1,0
access_mindbody_package_product_admin,mindbody.package.product.admin,model_mindbody_package_product,mindbody_integration.group_mindbody_admin,1,1,1,1

access_mindbody_product_user,mindbody.product.user,model_mindbody_product,base.group_user,1,1,1,0
access_mindbody_product_manager,mindbody.product.manager,model_mindbody_product,mindbody_integration.group_mindbody_manager,1,1,1,0
access_mindbody_product_admin,mindbody.product.admin,model_mindbody_product,mindbody_integration.group_mindbody_admin,1,1,1,1

access_mindbody_product_color_user,mindbody.product.color.user,model_mindbody_product_color,base.group_user,1,0,0,0
access_mindbody_product_color_manager,mindbody.product.color.manager,model_mindbody_product_color,mindbody_integration.group_mindbody_manager,1,1,1,0
access_mindbody_product_color_admin,mindbody.product.color.admin,model_mindbody_product_color,mindbody_integration.group_mindbody_admin,1,1,1,1

access_mindbody_product_size_user,mindbody.product.size.user,model_mindbody_product_size,base.group_user,1,0,0,0
access_mindbody_product_size_manager,mindbody.product.size.manager,model_mindbody_product_size,mindbody_integration.group_mindbody_manager,1,1,1,0
access_mindbody_product_size_admin,mindbody.product.size.admin,model_mindbody_product_size,mindbody_integration.group_mindbody_admin,1,1,1,1

access_mindbody_product_inventory_user,mindbody.product.inventory.user,model_mindbody_product_inventory,base.group_user,1,0,0,0
access_mindbody_product_inventory_manager,mindbody.product.inventory.manager,model_mindbody_product_inventory,mindbody_integration.group_mindbody_manager,1,1,1,0
access_mindbody_product_inventory_admin,mindbody.product.inventory.admin,model_mindbody_product_inventory,mindbody_integration.group_mindbody_admin,1,1,1,1

access_mindbody_sale_user,mindbody.sale.user,model_mindbody_sale,base.group_user,1,0,0,0
access_mindbody_sale_manager,mindbody.sale.manager,model_mindbody_sale,mindbody_integration.group_mindbody_manager,1,1,0,0
access_mindbody_sale_admin,mindbody.sale.admin,model_mindbody_sale,mindbody_integration.group_mindbody_admin,1,1,1,1

access_mindbody_sale_item_user,mindbody.sale.item.user,model_mindbody_sale_item,base.group_user,1,0,0,0
access_mindbody_sale_item_manager,mindbody.sale.item.manager,model_mindbody_sale_item,mindbody_integration.group_mindbody_manager,1,1,0,0
access_mindbody_sale_item_admin,mindbody.sale.item.admin,model_mindbody_sale_item,mindbody_integration.group_mindbody_admin,1,1,1,1

access_mindbody_sale_payment_user,mindbody.sale.payment.user,model_mindbody_sale_payment,base.group_user,1,0,0,0
access_mindbody_sale_payment_manager,mindbody.sale.payment.manager,model_mindbody_sale_payment,mindbody_integration.group_mindbody_manager,1,1,0,0
access_mindbody_sale_payment_admin,mindbody.sale.payment.admin,model_mindbody_sale_payment,mindbody_integration.group_mindbody_admin,1,1,1,1

access_mindbody_transaction_user,mindbody.transaction.user,model_mindbody_transaction,base.group_user,1,0,0,0
access_mindbody_transaction_manager,mindbody.transaction.manager,model_mindbody_transaction,mindbody_integration.group_mindbody_manager,1,1,0,0
access_mindbody_transaction_admin,mindbody.transaction.admin,model_mindbody_transaction,mindbody_integration.group_mindbody_admin,1,1,1,1

access_mindbody_shopping_cart_user,mindbody.shopping.cart.user,model_mindbody_shopping_cart,base.group_user,1,0,0,0
access_mindbody_shopping_cart_manager,mindbody.shopping.cart.manager,model_mindbody_shopping_cart,mindbody_integration.group_mindbody_manager,1,1,0,0
access_mindbody_shopping_cart_admin,mindbody.shopping.cart.admin,model_mindbody_shopping_cart,mindbody_integration.group_mindbody_admin,1,1,1,1

access_mindbody_cart_item_user,mindbody.cart.item.user,model_mindbody_cart_item,base.group_user,1,0,0,0
access_mindbody_cart_item_manager,mindbody.cart.item.manager,model_mindbody_cart_item,mindbody_integration.group_mindbody_manager,1,1,0,0
access_mindbody_cart_item_admin,mindbody.cart.item.admin,model_mindbody_cart_item,mindbody_integration.group_mindbody_admin,1,1,1,1

access_mindbody_appointment_cart_user,mindbody.appointment.cart.user,model_mindbody_appointment_cart,base.group_user,1,0,0,0
access_mindbody_appointment_cart_manager,mindbody.appointment.cart.manager,model_mindbody_appointment_cart,mindbody_integration.group_mindbody_manager,1,1,0,0
access_mindbody_appointment_cart_admin,mindbody.appointment.cart.admin,model_mindbody_appointment_cart,mindbody_integration.group_mindbody_admin,1,1,1,1

access_mindbody_class_cart_user,mindbody.class.cart.user,model_mindbody_class_cart,base.group_user,1,0,0,0
access_mindbody_class_cart_manager,mindbody.class.cart.manager,model_mindbody_class_cart,mindbody_integration.group_mindbody_manager,1,1,0,0
access_mindbody_class_cart_admin,mindbody.class.cart.admin,model_mindbody_class_cart,mindbody_integration.group_mindbody_admin,1,1,1,1

access_mindbody_visit_cart_user,mindbody.visit.cart.user,model_mindbody_visit_cart,base.group_user,1,0,0,0
access_mindbody_visit_cart_manager,mindbody.visit.cart.manager,model_mindbody_visit_cart,mindbody_integration.group_mindbody_manager,1,1,0,0
access_mindbody_visit_cart_admin,mindbody.visit.cart.admin,model_mindbody_visit_cart,mindbody_integration.group_mindbody_admin,1,1,1,1

access_mindbody_service_user,mindbody.service.user,model_mindbody_service,base.group_user,1,0,0,0
access_mindbody_service_manager,mindbody.service.manager,model_mindbody_service,mindbody_integration.group_mindbody_manager,1,1,1,0
access_mindbody_service_admin,mindbody.service.admin,model_mindbody_service,mindbody_integration.group_mindbody_admin,1,1,1,1

access_mindbody_price_user,mindbody.price.user,model_mindbody_price,base.group_user,1,0,0,0
access_mindbody_price_manager,mindbody.price.manager,model_mindbody_price,mindbody_integration.group_mindbody_manager,1,1,1,0
access_mindbody_price_admin,mindbody.price.admin,model_mindbody_price,mindbody_integration.group_mindbody_admin,1,1,1,1

access_mindbody_purchase_totals_user,mindbody.purchase.totals.user,model_mindbody_purchase_totals,base.group_user,1,0,0,0
access_mindbody_purchase_totals_manager,mindbody.purchase.totals.manager,model_mindbody_purchase_totals,mindbody_integration.group_mindbody_manager,1,1,1,0
access_mindbody_purchase_totals_admin,mindbody.purchase.totals.admin,model_mindbody_purchase_totals,mindbody_integration.group_mindbody_admin,1,1,1,1

access_mindbody_purchase_contract_status_user,mindbody.purchase.contract.status.user,model_mindbody_purchase_contract_status,base.group_user,1,0,0,0
access_mindbody_purchase_contract_status_manager,mindbody.purchase.contract.status.manager,model_mindbody_purchase_contract_status,mindbody_integration.group_mindbody_manager,1,1,0,0
access_mindbody_purchase_contract_status_admin,mindbody.purchase.contract.status.admin,model_mindbody_purchase_contract_status,mindbody_integration.group_mindbody_admin,1,1,1,1


access_mindbody_site_user,mindbody.site.user,model_mindbody_site,base.group_user,1,0,0,0
access_mindbody_site_manager,mindbody.site.manager,model_mindbody_site,mindbody_integration.group_mindbody_manager,1,1,1,0
access_mindbody_site_admin,mindbody.site.admin,model_mindbody_site,mindbody_integration.group_mindbody_admin,1,1,1,1

access_mindbody_lead_channel_user,mindbody.lead.channel.user,model_mindbody_lead_channel,base.group_user,1,0,0,0
access_mindbody_lead_channel_manager,mindbody.lead.channel.manager,model_mindbody_lead_channel,mindbody_integration.group_mindbody_manager,1,1,1,0
access_mindbody_lead_channel_admin,mindbody.lead.channel.admin,model_mindbody_lead_channel,mindbody_integration.group_mindbody_admin,1,1,1,1

access_mindbody_location_user,mindbody.location.user,model_mindbody_location,base.group_user,1,0,0,0
access_mindbody_location_manager,mindbody.location.manager,model_mindbody_location,mindbody_integration.group_mindbody_manager,1,1,1,0
access_mindbody_location_admin,mindbody.location.admin,model_mindbody_location,mindbody_integration.group_mindbody_admin,1,1,1,1

access_mindbody_amenity_user,mindbody.amenity.user,model_mindbody_amenity,base.group_user,1,0,0,0
access_mindbody_amenity_manager,mindbody.amenity.manager,model_mindbody_amenity,mindbody_integration.group_mindbody_manager,1,1,1,0
access_mindbody_amenity_admin,mindbody.amenity.admin,model_mindbody_amenity,mindbody_integration.group_mindbody_admin,1,1,1,1

access_mindbody_program_user,mindbody.program.user,model_mindbody_program,base.group_user,1,0,0,0
access_mindbody_program_manager,mindbody.program.manager,model_mindbody_program,mindbody_integration.group_mindbody_manager,1,1,1,0
access_mindbody_program_admin,mindbody.program.admin,model_mindbody_program,mindbody_integration.group_mindbody_admin,1,1,1,1

access_mindbody_pricing_relationship_user,mindbody.pricing.relationship.user,model_mindbody_pricing_relationship,base.group_user,1,0,0,0
access_mindbody_pricing_relationship_manager,mindbody.pricing.relationship.manager,model_mindbody_pricing_relationship,mindbody_integration.group_mindbody_manager,1,1,1,0
access_mindbody_pricing_relationship_admin,mindbody.pricing.relationship.admin,model_mindbody_pricing_relationship,mindbody_integration.group_mindbody_admin,1,1,1,1

access_mindbody_session_type_user,mindbody.session.type.user,model_mindbody_session_type,base.group_user,1,0,0,0
access_mindbody_session_type_manager,mindbody.session.type.manager,model_mindbody_session_type,mindbody_integration.group_mindbody_manager,1,1,1,0
access_mindbody_session_type_admin,mindbody.session.type.admin,model_mindbody_session_type,mindbody_integration.group_mindbody_admin,1,1,1,1

access_mindbody_category_user,mindbody.category.user,model_mindbody_category,base.group_user,1,0,0,0
access_mindbody_category_manager,mindbody.category.manager,model_mindbody_category,mindbody_integration.group_mindbody_manager,1,1,1,0
access_mindbody_category_admin,mindbody.category.admin,model_mindbody_category,mindbody_integration.group_mindbody_admin,1,1,1,1

access_mindbody_sub_category_user,mindbody.sub.category.user,model_mindbody_sub_category,base.group_user,1,0,0,0
access_mindbody_sub_category_manager,mindbody.sub.category.manager,model_mindbody_sub_category,mindbody_integration.group_mindbody_manager,1,1,1,0
access_mindbody_sub_category_admin,mindbody.sub.category.admin,model_mindbody_sub_category,mindbody_integration.group_mindbody_admin,1,1,1,1

access_mindbody_gender_user,mindbody.gender.user,model_mindbody_gender,base.group_user,1,0,0,0
access_mindbody_gender_manager,mindbody.gender.manager,model_mindbody_gender,mindbody_integration.group_mindbody_manager,1,1,1,0
access_mindbody_gender_admin,mindbody.gender.admin,model_mindbody_gender,mindbody_integration.group_mindbody_admin,1,1,1,1

access_mindbody_membership_user,mindbody.membership.user,model_mindbody_membership,base.group_user,1,0,0,0
access_mindbody_membership_manager,mindbody.membership.manager,model_mindbody_membership,mindbody_integration.group_mindbody_manager,1,1,1,0
access_mindbody_membership_admin,mindbody.membership.admin,model_mindbody_membership,mindbody_integration.group_mindbody_admin,1,1,1,1

access_mindbody_mobile_provider_user,mindbody.mobile.provider.user,model_mindbody_mobile_provider,base.group_user,1,0,0,0
access_mindbody_mobile_provider_manager,mindbody.mobile.provider.manager,model_mindbody_mobile_provider,mindbody_integration.group_mindbody_manager,1,1,1,0
access_mindbody_mobile_provider_admin,mindbody.mobile.provider.admin,model_mindbody_mobile_provider,mindbody_integration.group_mindbody_admin,1,1,1,1

access_mindbody_payment_type_user,mindbody.payment.type.user,model_mindbody_payment_type,base.group_user,1,0,0,0
access_mindbody_payment_type_manager,mindbody.payment.type.manager,model_mindbody_payment_type,mindbody_integration.group_mindbody_manager,1,1,1,0
access_mindbody_payment_type_admin,mindbody.payment.type.admin,model_mindbody_payment_type,mindbody_integration.group_mindbody_admin,1,1,1,1

access_mindbody_promo_code_user,mindbody.promo.code.user,model_mindbody_promo_code,base.group_user,1,0,0,0
access_mindbody_promo_code_manager,mindbody.promo.code.manager,model_mindbody_promo_code,mindbody_integration.group_mindbody_manager,1,1,1,0
access_mindbody_promo_code_admin,mindbody.promo.code.admin,model_mindbody_promo_code,mindbody_integration.group_mindbody_admin,1,1,1,1

access_mindbody_discount_user,mindbody.discount.user,model_mindbody_discount,base.group_user,1,0,0,0
access_mindbody_discount_manager,mindbody.discount.manager,model_mindbody_discount,mindbody_integration.group_mindbody_manager,1,1,1,0
access_mindbody_discount_admin,mindbody.discount.admin,model_mindbody_discount,mindbody_integration.group_mindbody_admin,1,1,1,1

access_mindbody_promo_applicable_item_user,mindbody.promo.applicable.item.user,model_mindbody_promo_applicable_item,base.group_user,1,0,0,0
access_mindbody_promo_applicable_item_manager,mindbody.promo.applicable.item.manager,model_mindbody_promo_applicable_item,mindbody_integration.group_mindbody_manager,1,1,1,0
access_mindbody_promo_applicable_item_admin,mindbody.promo.applicable.item.admin,model_mindbody_promo_applicable_item,mindbody_integration.group_mindbody_admin,1,1,1,1

access_mindbody_prospect_stage_user,mindbody.prospect.stage.user,model_mindbody_prospect_stage,base.group_user,1,0,0,0
access_mindbody_prospect_stage_manager,mindbody.prospect.stage.manager,model_mindbody_prospect_stage,mindbody_integration.group_mindbody_manager,1,1,1,0
access_mindbody_prospect_stage_admin,mindbody.prospect.stage.admin,model_mindbody_prospect_stage,mindbody_integration.group_mindbody_admin,1,1,1,1

access_mindbody_relationship_user,mindbody.relationship.user,model_mindbody_relationship,base.group_user,1,0,0,0
access_mindbody_relationship_manager,mindbody.relationship.manager,model_mindbody_relationship,mindbody_integration.group_mindbody_manager,1,1,1,0
access_mindbody_relationship_admin,mindbody.relationship.admin,model_mindbody_relationship,mindbody_integration.group_mindbody_admin,1,1,1,1

access_mindbody_resource_user,mindbody.resource.user,model_mindbody_resource,base.group_user,1,0,0,0
access_mindbody_resource_manager,mindbody.resource.manager,model_mindbody_resource,mindbody_integration.group_mindbody_manager,1,1,1,0
access_mindbody_resource_admin,mindbody.resource.admin,model_mindbody_resource,mindbody_integration.group_mindbody_admin,1,1,1,1

access_mindbody_resource_availability_user,mindbody.resource.availability.user,model_mindbody_resource_availability,base.group_user,1,0,0,0
access_mindbody_resource_availability_manager,mindbody.resource.availability.manager,model_mindbody_resource_availability,mindbody_integration.group_mindbody_manager,1,1,1,0
access_mindbody_resource_availability_admin,mindbody.resource.availability.admin,model_mindbody_resource_availability,mindbody_integration.group_mindbody_admin,1,1,1,1

access_mindbody_activation_code_user,mindbody.activation.code.user,model_mindbody_activation_code,base.group_user,1,0,0,0
access_mindbody_activation_code_manager,mindbody.activation.code.manager,model_mindbody_activation_code,mindbody_integration.group_mindbody_manager,1,1,1,0
access_mindbody_activation_code_admin,mindbody.activation.code.admin,model_mindbody_activation_code,mindbody_integration.group_mindbody_admin,1,1,1,1

access_mindbody_liability_waiver_user,mindbody.liability.waiver.user,model_mindbody_liability_waiver,base.group_user,1,0,0,0
access_mindbody_liability_waiver_manager,mindbody.liability.waiver.manager,model_mindbody_liability_waiver,mindbody_integration.group_mindbody_manager,1,1,1,0
access_mindbody_liability_waiver_admin,mindbody.liability.waiver.admin,model_mindbody_liability_waiver,mindbody_integration.group_mindbody_admin,1,1,1,1

access_mindbody_client_index_user,mindbody.client.index.user,model_mindbody_client_index,base.group_user,1,0,0,0
access_mindbody_client_index_manager,mindbody.client.index.manager,model_mindbody_client_index,mindbody_integration.group_mindbody_manager,1,1,1,0
access_mindbody_client_index_admin,mindbody.client.index.admin,model_mindbody_client_index,mindbody_integration.group_mindbody_admin,1,1,1,1

access_mindbody_client_index_value_user,mindbody.client.index.value.user,model_mindbody_client_index_value,base.group_user,1,0,0,0
access_mindbody_client_index_value_manager,mindbody.client.index.value.manager,model_mindbody_client_index_value,mindbody_integration.group_mindbody_manager,1,1,1,0
access_mindbody_client_index_value_admin,mindbody.client.index.value.admin,model_mindbody_client_index_value,mindbody_integration.group_mindbody_admin,1,1,1,1


access_mindbody_client_user,mindbody.client.user,model_mindbody_client,base.group_user,1,1,1,0
access_mindbody_client_manager,mindbody.client.manager,model_mindbody_client,mindbody_integration.group_mindbody_manager,1,1,1,0
access_mindbody_client_admin,mindbody.client.admin,model_mindbody_client,mindbody_integration.group_mindbody_admin,1,1,1,1

access_mindbody_client_suspension_info_user,mindbody.client.suspension.info.user,model_mindbody_client_suspension_info,base.group_user,1,0,0,0
access_mindbody_client_suspension_info_manager,mindbody.client.suspension.info.manager,model_mindbody_client_suspension_info,mindbody_integration.group_mindbody_manager,1,1,1,0
access_mindbody_client_suspension_info_admin,mindbody.client.suspension.info.admin,model_mindbody_client_suspension_info,mindbody_integration.group_mindbody_admin,1,1,1,1

access_mindbody_client_credit_card_user,mindbody.client.credit.card.user,model_mindbody_client_credit_card,base.group_user,1,0,0,0
access_mindbody_client_credit_card_manager,mindbody.client.credit.card.manager,model_mindbody_client_credit_card,mindbody_integration.group_mindbody_manager,1,1,1,0
access_mindbody_client_credit_card_admin,mindbody.client.credit.card.admin,model_mindbody_client_credit_card,mindbody_integration.group_mindbody_admin,1,1,1,1

access_mindbody_custom_client_field_user,mindbody.custom.client.field.user,model_mindbody_custom_client_field,base.group_user,1,0,0,0
access_mindbody_custom_client_field_manager,mindbody.custom.client.field.manager,model_mindbody_custom_client_field,mindbody_integration.group_mindbody_manager,1,1,1,0
access_mindbody_custom_client_field_admin,mindbody.custom.client.field.admin,model_mindbody_custom_client_field,mindbody_integration.group_mindbody_admin,1,1,1,1

access_mindbody_liability_user,mindbody.liability.user,model_mindbody_liability,base.group_user,1,0,0,0
access_mindbody_liability_manager,mindbody.liability.manager,model_mindbody_liability,mindbody_integration.group_mindbody_manager,1,1,1,0
access_mindbody_liability_admin,mindbody.liability.admin,model_mindbody_liability,mindbody_integration.group_mindbody_admin,1,1,1,1

access_mindbody_prospect_stage_data_user,mindbody.prospect.stage.data.user,model_mindbody_prospect_stage_data,base.group_user,1,0,0,0
access_mindbody_prospect_stage_data_manager,mindbody.prospect.stage.data.manager,model_mindbody_prospect_stage_data,mindbody_integration.group_mindbody_manager,1,1,1,0
access_mindbody_prospect_stage_data_admin,mindbody.prospect.stage.data.admin,model_mindbody_prospect_stage_data,mindbody_integration.group_mindbody_admin,1,1,1,1

access_mindbody_sales_rep_user,mindbody.sales.rep.user,model_mindbody_sales_rep,base.group_user,1,0,0,0
access_mindbody_sales_rep_manager,mindbody.sales.rep.manager,model_mindbody_sales_rep,mindbody_integration.group_mindbody_manager,1,1,1,0
access_mindbody_sales_rep_admin,mindbody.sales.rep.admin,model_mindbody_sales_rep,mindbody_integration.group_mindbody_admin,1,1,1,1

access_mindbody_home_location_user,mindbody.home.location.user,model_mindbody_home_location,base.group_user,1,0,0,0
access_mindbody_home_location_manager,mindbody.home.location.manager,model_mindbody_home_location,mindbody_integration.group_mindbody_manager,1,1,1,0
access_mindbody_home_location_admin,mindbody.home.location.admin,model_mindbody_home_location,mindbody_integration.group_mindbody_admin,1,1,1,1

access_mindbody_client_service_user,mindbody.client.service.user,model_mindbody_client_service,base.group_user,1,0,0,0
access_mindbody_client_service_manager,mindbody.client.service.manager,model_mindbody_client_service,mindbody_integration.group_mindbody_manager,1,1,1,0
access_mindbody_client_service_admin,mindbody.client.service.admin,model_mindbody_client_service,mindbody_integration.group_mindbody_admin,1,1,1,1

access_mindbody_client_contract_user,mindbody.client.contract.user,model_mindbody_client_contract,base.group_user,1,0,0,0
access_mindbody_client_contract_manager,mindbody.client.contract.manager,model_mindbody_client_contract,mindbody_integration.group_mindbody_manager,1,1,1,0
access_mindbody_client_contract_admin,mindbody.client.contract.admin,model_mindbody_client_contract,mindbody_integration.group_mindbody_admin,1,1,1,1

access_mindbody_upcoming_autopay_event_user,mindbody.upcoming.autopay.event.user,model_mindbody_upcoming_autopay_event,base.group_user,1,0,0,0
access_mindbody_upcoming_autopay_event_manager,mindbody.upcoming.autopay.event.manager,model_mindbody_upcoming_autopay_event,mindbody_integration.group_mindbody_manager,1,1,1,0
access_mindbody_upcoming_autopay_event_admin,mindbody.upcoming.autopay.event.admin,model_mindbody_upcoming_autopay_event,mindbody_integration.group_mindbody_admin,1,1,1,1

access_mindbody_client_membership_user,mindbody.client.membership.user,model_mindbody_client_membership,base.group_user,1,0,0,0
access_mindbody_client_membership_manager,mindbody.client.membership.manager,model_mindbody_client_membership,mindbody_integration.group_mindbody_manager,1,1,1,0
access_mindbody_client_membership_admin,mindbody.client.membership.admin,model_mindbody_client_membership,mindbody_integration.group_mindbody_admin,1,1,1,1

access_mindbody_client_arrival_user,mindbody.client.arrival.user,model_mindbody_client_arrival,base.group_user,1,0,0,0
access_mindbody_client_arrival_manager,mindbody.client.arrival.manager,model_mindbody_client_arrival,mindbody_integration.group_mindbody_manager,1,1,1,0
access_mindbody_client_arrival_admin,mindbody.client.arrival.admin,model_mindbody_client_arrival,mindbody_integration.group_mindbody_admin,1,1,1,1

access_mindbody_client_duplicate_user,mindbody.client.duplicate.user,model_mindbody_client_duplicate,base.group_user,1,0,0,0
access_mindbody_client_duplicate_manager,mindbody.client.duplicate.manager,model_mindbody_client_duplicate,mindbody_integration.group_mindbody_manager,1,1,1,0
access_mindbody_client_duplicate_admin,mindbody.client.duplicate.admin,model_mindbody_client_duplicate,mindbody_integration.group_mindbody_admin,1,1,1,1

access_mindbody_formula_note_user,mindbody.formula.note.user,model_mindbody_formula_note,base.group_user,1,0,0,0
access_mindbody_formula_note_manager,mindbody.formula.note.manager,model_mindbody_formula_note,mindbody_integration.group_mindbody_manager,1,1,1,0
access_mindbody_formula_note_admin,mindbody.formula.note.admin,model_mindbody_formula_note,mindbody_integration.group_mindbody_admin,1,1,1,1

access_mindbody_client_purchase_user,mindbody.client.purchase.user,model_mindbody_client_purchase,base.group_user,1,0,0,0
access_mindbody_client_purchase_manager,mindbody.client.purchase.manager,model_mindbody_client_purchase,mindbody_integration.group_mindbody_manager,1,1,1,0
access_mindbody_client_purchase_admin,mindbody.client.purchase.admin,model_mindbody_client_purchase,mindbody_integration.group_mindbody_admin,1,1,1,1

access_mindbody_client_reward_transaction_user,mindbody.client.reward.transaction.user,model_mindbody_client_reward_transaction,base.group_user,1,0,0,0
access_mindbody_client_reward_transaction_manager,mindbody.client.reward.transaction.manager,model_mindbody_client_reward_transaction,mindbody_integration.group_mindbody_manager,1,1,1,0
access_mindbody_client_reward_transaction_admin,mindbody.client.reward.transaction.admin,model_mindbody_client_reward_transaction,mindbody_integration.group_mindbody_admin,1,1,1,1

access_mindbody_contact_log_user,mindbody.contact.log.user,model_mindbody_contact_log,base.group_user,1,0,0,0
access_mindbody_contact_log_manager,mindbody.contact.log.manager,model_mindbody_contact_log,mindbody_integration.group_mindbody_manager,1,1,1,0
access_mindbody_contact_log_admin,mindbody.contact.log.admin,model_mindbody_contact_log,mindbody_integration.group_mindbody_admin,1,1,1,1

access_mindbody_contact_log_comment_user,mindbody.contact.log.comment.user,model_mindbody_contact_log_comment,base.group_user,1,0,0,0
access_mindbody_contact_log_comment_manager,mindbody.contact.log.comment.manager,model_mindbody_contact_log_comment,mindbody_integration.group_mindbody_manager,1,1,1,0
access_mindbody_contact_log_comment_admin,mindbody.contact.log.comment.admin,model_mindbody_contact_log_comment,mindbody_integration.group_mindbody_admin,1,1,1,1

access_mindbody_contact_log_type_user,mindbody.contact.log.type.user,model_mindbody_contact_log_type,base.group_user,1,0,0,0
access_mindbody_contact_log_type_manager,mindbody.contact.log.type.manager,model_mindbody_contact_log_type,mindbody_integration.group_mindbody_manager,1,1,1,0
access_mindbody_contact_log_type_admin,mindbody.contact.log.type.admin,model_mindbody_contact_log_type,mindbody_integration.group_mindbody_admin,1,1,1,1

access_mindbody_contact_log_subtype_user,mindbody.contact.log.subtype.user,model_mindbody_contact_log_subtype,base.group_user,1,0,0,0
access_mindbody_contact_log_subtype_manager,mindbody.contact.log.subtype.manager,model_mindbody_contact_log_subtype,mindbody_integration.group_mindbody_manager,1,1,1,0
access_mindbody_contact_log_subtype_admin,mindbody.contact.log.subtype.admin,model_mindbody_contact_log_subtype,mindbody_integration.group_mindbody_admin,1,1,1,1

access_mindbody_cross_regional_association_user,mindbody.cross.regional.association.user,model_mindbody_cross_regional_association,base.group_user,1,0,0,0
access_mindbody_cross_regional_association_manager,mindbody.cross.regional.association.manager,model_mindbody_cross_regional_association,mindbody_integration.group_mindbody_manager,1,1,1,0
access_mindbody_cross_regional_association_admin,mindbody.cross.regional.association.admin,model_mindbody_cross_regional_association,mindbody_integration.group_mindbody_admin,1,1,1,1

access_mindbody_required_client_field_user,mindbody.required.client.field.user,model_mindbody_required_client_field,base.group_user,1,0,0,0
access_mindbody_required_client_field_manager,mindbody.required.client.field.manager,model_mindbody_required_client_field,mindbody_integration.group_mindbody_manager,1,1,1,0
access_mindbody_required_client_field_admin,mindbody.required.client.field.admin,model_mindbody_required_client_field,mindbody_integration.group_mindbody_admin,1,1,1,1

access_mindbody_client_type_user,mindbody.client.type.user,model_mindbody_client_type,base.group_user,1,0,0,0
access_mindbody_client_type_manager,mindbody.client.type.manager,model_mindbody_client_type,mindbody_integration.group_mindbody_manager,1,1,1,0
access_mindbody_client_type_admin,mindbody.client.type.admin,model_mindbody_client_type,mindbody_integration.group_mindbody_admin,1,1,1,1

access_mindbody_waitlist_info_user,mindbody.waitlist.info.user,model_mindbody_waitlist_info,base.group_user,1,0,0,0
access_mindbody_waitlist_info_manager,mindbody.waitlist.info.manager,model_mindbody_waitlist_info,mindbody_integration.group_mindbody_manager,1,1,1,0
access_mindbody_waitlist_info_admin,mindbody.waitlist.info.admin,model_mindbody_waitlist_info,mindbody_integration.group_mindbody_admin,1,1,1,1


access_mindbody_staff_user,mindbody.staff.user,model_mindbody_staff,base.group_user,1,0,0,0
access_mindbody_staff_manager,mindbody.staff.manager,model_mindbody_staff,mindbody_integration.group_mindbody_manager,1,1,1,0
access_mindbody_staff_admin,mindbody.staff.admin,model_mindbody_staff,mindbody_integration.group_mindbody_admin,1,1,1,1

access_mindbody_staff_settings_user,mindbody.staff.settings.user,model_mindbody_staff_settings,base.group_user,1,0,0,0
access_mindbody_staff_settings_manager,mindbody.staff.settings.manager,model_mindbody_staff_settings,mindbody_integration.group_mindbody_manager,1,1,1,0
access_mindbody_staff_settings_admin,mindbody.staff.settings.admin,model_mindbody_staff_settings,mindbody_integration.group_mindbody_admin,1,1,1,1

access_mindbody_staff_appointment_user,mindbody.staff.appointment.user,model_mindbody_staff_appointment,base.group_user,1,0,0,0
access_mindbody_staff_appointment_manager,mindbody.staff.appointment.manager,model_mindbody_staff_appointment,mindbody_integration.group_mindbody_manager,1,1,1,0
access_mindbody_staff_appointment_admin,mindbody.staff.appointment.admin,model_mindbody_staff_appointment,mindbody_integration.group_mindbody_admin,1,1,1,1

access_mindbody_staff_unavailability_user,mindbody.staff.unavailability.user,model_mindbody_staff_unavailability,base.group_user,1,0,0,0
access_mindbody_staff_unavailability_manager,mindbody.staff.unavailability.manager,model_mindbody_staff_unavailability,mindbody_integration.group_mindbody_manager,1,1,1,0
access_mindbody_staff_unavailability_admin,mindbody.staff.unavailability.admin,model_mindbody_staff_unavailability,mindbody_integration.group_mindbody_admin,1,1,1,1

access_mindbody_staff_availability_user,mindbody.staff.availability.user,model_mindbody_staff_availability,base.group_user,1,0,0,0
access_mindbody_staff_availability_manager,mindbody.staff.availability.manager,model_mindbody_staff_availability,mindbody_integration.group_mindbody_manager,1,1,1,0
access_mindbody_staff_availability_admin,mindbody.staff.availability.admin,model_mindbody_staff_availability,mindbody_integration.group_mindbody_admin,1,1,1,1

access_mindbody_staff_session_type_user,mindbody.staff.session.type.user,model_mindbody_staff_session_type,base.group_user,1,0,0,0
access_mindbody_staff_session_type_manager,mindbody.staff.session.type.manager,model_mindbody_staff_session_type,mindbody_integration.group_mindbody_manager,1,1,1,0
access_mindbody_staff_session_type_admin,mindbody.staff.session.type.admin,model_mindbody_staff_session_type,mindbody_integration.group_mindbody_admin,1,1,1,1

access_mindbody_user_group_user,mindbody.user.group.user,model_mindbody_user_group,base.group_user,1,0,0,0
access_mindbody_user_group_manager,mindbody.user.group.manager,model_mindbody_user_group,mindbody_integration.group_mindbody_manager,1,1,1,0
access_mindbody_user_group_admin,mindbody.user.group.admin,model_mindbody_user_group,mindbody_integration.group_mindbody_admin,1,1,1,1

access_mindbody_permission_user,mindbody.permission.user,model_mindbody_permission,base.group_user,1,0,0,0
access_mindbody_permission_manager,mindbody.permission.manager,model_mindbody_permission,mindbody_integration.group_mindbody_manager,1,1,1,0
access_mindbody_permission_admin,mindbody.permission.admin,model_mindbody_permission,mindbody_integration.group_mindbody_admin,1,1,1,1

access_mindbody_staff_sales_rep_user,mindbody.staff.sales.rep.user,model_mindbody_staff_sales_rep,base.group_user,1,0,0,0
access_mindbody_staff_sales_rep_manager,mindbody.staff.sales.rep.manager,model_mindbody_staff_sales_rep,mindbody_integration.group_mindbody_manager,1,1,1,0
access_mindbody_staff_sales_rep_admin,mindbody.staff.sales.rep.admin,model_mindbody_staff_sales_rep,mindbody_integration.group_mindbody_admin,1,1,1,1

access_mindbody_appointment_user,mindbody.appointment.user,model_mindbody_appointment,base.group_user,1,0,0,0
access_mindbody_appointment_manager,mindbody.appointment.manager,model_mindbody_appointment,mindbody_integration.group_mindbody_manager,1,1,1,0
access_mindbody_appointment_admin,mindbody.appointment.admin,model_mindbody_appointment,mindbody_integration.group_mindbody_admin,1,1,1,1

access_mindbody_appointment_add_on_user,mindbody.appointment.add.on.user,model_mindbody_appointment_add_on,base.group_user,1,0,0,0
access_mindbody_appointment_add_on_manager,mindbody.appointment.add.on.manager,model_mindbody_appointment_add_on,mindbody_integration.group_mindbody_manager,1,1,1,0
access_mindbody_appointment_add_on_admin,mindbody.appointment.add.on.admin,model_mindbody_appointment_add_on,mindbody_integration.group_mindbody_admin,1,1,1,1

access_mindbody_appointment_resource_user,mindbody.appointment.resource.user,model_mindbody_appointment_resource,base.group_user,1,0,0,0
access_mindbody_appointment_resource_manager,mindbody.appointment.resource.manager,model_mindbody_appointment_resource,mindbody_integration.group_mindbody_manager,1,1,1,0
access_mindbody_appointment_resource_admin,mindbody.appointment.resource.admin,model_mindbody_appointment_resource,mindbody_integration.group_mindbody_admin,1,1,1,1

access_mindbody_bookable_item_user,mindbody.bookable.item.user,model_mindbody_bookable_item,base.group_user,1,0,0,0
access_mindbody_bookable_item_manager,mindbody.bookable.item.manager,model_mindbody_bookable_item,mindbody_integration.group_mindbody_manager,1,1,1,0
access_mindbody_bookable_item_admin,mindbody.bookable.item.admin,model_mindbody_bookable_item,mindbody_integration.group_mindbody_admin,1,1,1,1

access_mindbody_schedule_item_user,mindbody.schedule.item.user,model_mindbody_schedule_item,base.group_user,1,0,0,0
access_mindbody_schedule_item_manager,mindbody.schedule.item.manager,model_mindbody_schedule_item,mindbody_integration.group_mindbody_manager,1,1,1,0
access_mindbody_schedule_item_admin,mindbody.schedule.item.admin,model_mindbody_schedule_item,mindbody_integration.group_mindbody_admin,1,1,1,1

access_mindbody_active_session_time_user,mindbody.active.session.time.user,model_mindbody_active_session_time,base.group_user,1,0,0,0
access_mindbody_active_session_time_manager,mindbody.active.session.time.manager,model_mindbody_active_session_time,mindbody_integration.group_mindbody_manager,1,1,1,0
access_mindbody_active_session_time_admin,mindbody.active.session.time.admin,model_mindbody_active_session_time,mindbody_integration.group_mindbody_admin,1,1,1,1

access_mindbody_appointment_option_user,mindbody.appointment.option.user,model_mindbody_appointment_option,base.group_user,1,0,0,0
access_mindbody_appointment_option_manager,mindbody.appointment.option.manager,model_mindbody_appointment_option,mindbody_integration.group_mindbody_manager,1,1,1,0
access_mindbody_appointment_option_admin,mindbody.appointment.option.admin,model_mindbody_appointment_option,mindbody_integration.group_mindbody_admin,1,1,1,1

access_mindbody_available_date_user,mindbody.available.date.user,model_mindbody_available_date,base.group_user,1,0,0,0
access_mindbody_available_date_manager,mindbody.available.date.manager,model_mindbody_available_date,mindbody_integration.group_mindbody_manager,1,1,1,0
access_mindbody_available_date_admin,mindbody.available.date.admin,model_mindbody_available_date,mindbody_integration.group_mindbody_admin,1,1,1,1


access_mindbody_class_schedule_user,mindbody.class.schedule.user,model_mindbody_class_schedule,base.group_user,1,0,0,0
access_mindbody_class_schedule_manager,mindbody.class.schedule.manager,model_mindbody_class_schedule,mindbody_integration.group_mindbody_manager,1,1,1,0
access_mindbody_class_schedule_admin,mindbody.class.schedule.admin,model_mindbody_class_schedule,mindbody_integration.group_mindbody_admin,1,1,1,1

access_mindbody_class_instance_user,mindbody.class.instance.user,model_mindbody_class_instance,base.group_user,1,0,0,0
access_mindbody_class_instance_manager,mindbody.class.instance.manager,model_mindbody_class_instance,mindbody_integration.group_mindbody_manager,1,1,1,0
access_mindbody_class_instance_admin,mindbody.class.instance.admin,model_mindbody_class_instance,mindbody_integration.group_mindbody_admin,1,1,1,1

access_mindbody_class_visit_user,mindbody.class.visit.user,model_mindbody_class_visit,base.group_user,1,0,0,0
access_mindbody_class_visit_manager,mindbody.class.visit.manager,model_mindbody_class_visit,mindbody_integration.group_mindbody_manager,1,1,1,0
access_mindbody_class_visit_admin,mindbody.class.visit.admin,model_mindbody_class_visit,mindbody_integration.group_mindbody_admin,1,1,1,1

access_mindbody_client_class_user,mindbody.client.class.user,model_mindbody_client_class,base.group_user,1,0,0,0
access_mindbody_client_class_manager,mindbody.client.class.manager,model_mindbody_client_class,mindbody_integration.group_mindbody_manager,1,1,1,0
access_mindbody_client_class_admin,mindbody.client.class.admin,model_mindbody_client_class,mindbody_integration.group_mindbody_admin,1,1,1,1

access_mindbody_class_description_user,mindbody.class.description.user,model_mindbody_class_description,base.group_user,1,0,0,0
access_mindbody_class_description_manager,mindbody.class.description.manager,model_mindbody_class_description,mindbody_integration.group_mindbody_manager,1,1,1,0
access_mindbody_class_description_admin,mindbody.class.description.admin,model_mindbody_class_description,mindbody_integration.group_mindbody_admin,1,1,1,1

access_mindbody_class_level_user,mindbody.class.level.user,model_mindbody_class_level,base.group_user,1,0,0,0
access_mindbody_class_level_manager,mindbody.class.level.manager,model_mindbody_class_level,mindbody_integration.group_mindbody_manager,1,1,1,0
access_mindbody_class_level_admin,mindbody.class.level.admin,model_mindbody_class_level,mindbody_integration.group_mindbody_admin,1,1,1,1

access_mindbody_booking_window_user,mindbody.booking.window.user,model_mindbody_booking_window,base.group_user,1,0,0,0
access_mindbody_booking_window_manager,mindbody.booking.window.manager,model_mindbody_booking_window,mindbody_integration.group_mindbody_manager,1,1,1,0
access_mindbody_booking_window_admin,mindbody.booking.window.admin,model_mindbody_booking_window,mindbody_integration.group_mindbody_admin,1,1,1,1

access_mindbody_course_user,mindbody.course.user,model_mindbody_course,base.group_user,1,0,0,0
access_mindbody_course_manager,mindbody.course.manager,model_mindbody_course,mindbody_integration.group_mindbody_manager,1,1,1,0
access_mindbody_course_admin,mindbody.course.admin,model_mindbody_course,mindbody_integration.group_mindbody_admin,1,1,1,1

access_mindbody_semester_user,mindbody.semester.user,model_mindbody_semester,base.group_user,1,0,0,0
access_mindbody_semester_manager,mindbody.semester.manager,model_mindbody_semester,mindbody_integration.group_mindbody_manager,1,1,1,0
access_mindbody_semester_admin,mindbody.semester.admin,model_mindbody_semester,mindbody_integration.group_mindbody_admin,1,1,1,1

access_mindbody_waitlist_entry_user,mindbody.waitlist.entry.user,model_mindbody_waitlist_entry,base.group_user,1,0,0,0
access_mindbody_waitlist_entry_manager,mindbody.waitlist.entry.manager,model_mindbody_waitlist_entry,mindbody_integration.group_mindbody_manager,1,1,1,0
access_mindbody_waitlist_entry_admin,mindbody.waitlist.entry.admin,model_mindbody_waitlist_entry,mindbody_integration.group_mindbody_admin,1,1,1,1

access_mindbody_enrollment_user,mindbody.enrollment.user,model_mindbody_enrollment,base.group_user,1,0,0,0
access_mindbody_enrollment_manager,mindbody.enrollment.manager,model_mindbody_enrollment,mindbody_integration.group_mindbody_manager,1,1,1,0
access_mindbody_enrollment_admin,mindbody.enrollment.admin,model_mindbody_enrollment,mindbody_integration.group_mindbody_admin,1,1,1,1


access_mindbody_pickaspot_class_user,mindbody.pickaspot.class.user,model_mindbody_pickaspot_class,base.group_user,1,0,0,0
access_mindbody_pickaspot_class_manager,mindbody.pickaspot.class.manager,model_mindbody_pickaspot_class,mindbody_integration.group_mindbody_manager,1,1,1,0
access_mindbody_pickaspot_class_admin,mindbody.pickaspot.class.admin,model_mindbody_pickaspot_class,mindbody_integration.group_mindbody_admin,1,1,1,1

access_mindbody_pickaspot_spots_user,mindbody.pickaspot.spots.user,model_mindbody_pickaspot_spots,base.group_user,1,0,0,0
access_mindbody_pickaspot_spots_manager,mindbody.pickaspot.spots.manager,model_mindbody_pickaspot_spots,mindbody_integration.group_mindbody_manager,1,1,1,0
access_mindbody_pickaspot_spots_admin,mindbody.pickaspot.spots.admin,model_mindbody_pickaspot_spots,mindbody_integration.group_mindbody_admin,1,1,1,1

access_mindbody_pickaspot_reservation_user,mindbody.pickaspot.reservation.user,model_mindbody_pickaspot_reservation,base.group_user,1,0,0,0
access_mindbody_pickaspot_reservation_manager,mindbody.pickaspot.reservation.manager,model_mindbody_pickaspot_reservation,mindbody_integration.group_mindbody_manager,1,1,1,0
access_mindbody_pickaspot_reservation_admin,mindbody.pickaspot.reservation.admin,model_mindbody_pickaspot_reservation,mindbody_integration.group_mindbody_admin,1,1,1,1

access_mindbody_pagination_details_user,mindbody.pagination.details.user,model_mindbody_pagination_details,base.group_user,1,0,0,0
access_mindbody_pagination_details_manager,mindbody.pagination.details.manager,model_mindbody_pagination_details,mindbody_integration.group_mindbody_manager,1,1,1,0
access_mindbody_pagination_details_admin,mindbody.pagination.details.admin,model_mindbody_pagination_details,mindbody_integration.group_mindbody_admin,1,1,1,1

access_mindbody_response_details_user,mindbody.response.details.user,model_mindbody_response_details,base.group_user,1,0,0,0
access_mindbody_response_details_manager,mindbody.response.details.manager,model_mindbody_response_details,mindbody_integration.group_mindbody_manager,1,1,1,0
access_mindbody_response_details_admin,mindbody.response.details.admin,model_mindbody_response_details,mindbody_integration.group_mindbody_admin,1,1,1,1


access_mindbody_client_relationship_user,mindbody.client.relationship.user,model_mindbody_client_relationship,base.group_user,1,0,0,0
access_mindbody_client_relationship_manager,mindbody.client.relationship.manager,model_mindbody_client_relationship,mindbody_integration.group_mindbody_manager,1,1,1,0
access_mindbody_client_relationship_admin,mindbody.client.relationship.admin,model_mindbody_client_relationship,mindbody_integration.group_mindbody_admin,1,1,1,1
access_mindbody_session_type_wizard,access.mindbody.session.type.wizard,model_session_type_selection_wizard,base.group_user,1,1,1,1
